<?xml version="1.0" encoding="UTF-8"?>
<breakfast_menu>
<food>
    <id>4711</id>
    <name>Belgian Waffles</name>
    <price>5.95</price>
    <amount>1</amount>
    <description>Two of our famous Belgian Waffles with plenty of real maple syrup</description>
    <calories>650</calories>
</food>
<food>
    <id>4712</id>
    <name>Strawberry Belgian Waffles</name>
    <price>7.95</price>
    <amount>1</amount>
    <description>Light Belgian Waffles covered with strawberries and whipped cream</description>
    <calories>900</calories>
</food>
</breakfast_menu>